,Name,Prices,Review
0,Home in New Delhi,"₹30,566","4.89 out of 5 average rating,  27 reviews"
1,Room in New Delhi,"₹50,224","4.87 out of 5 average rating,  23 reviews"
2,Place to stay in New Delhi,"₹13,118","5.0 out of 5 average rating,  107 reviews"
3,Home in New Delhi,"₹36,770","4.91 out of 5 average rating,  82 reviews"
4,Guest house in New Delhi,"₹20,763","5.0 out of 5 average rating,  28 reviews"
5,Flat in New Delhi,"₹9,986","4.91 out of 5 average rating,  87 reviews"
6,Flat in New Delhi,"₹10,818","4.89 out of 5 average rating,  57 reviews"
7,Flat in New Delhi,"₹20,404","4.96 out of 5 average rating,  24 reviews"
8,Room in New Delhi,"₹21,934","4.72 out of 5 average rating,  86 reviews"
9,Room in New Delhi,"₹52,500","4.75 out of 5 average rating,  16 reviews"
10,Flat in New Delhi,"₹14,830","5.0 out of 5 average rating,  10 reviews"
11,Townhouse in North Delhi,"₹12,513","5.0 out of 5 average rating,  33 reviews"
12,Apartment in New Delhi,"₹14,950","4.98 out of 5 average rating,  61 reviews"
13,Flat in New Delhi,"₹17,903","4.93 out of 5 average rating,  57 reviews"
14,Room in New Delhi,"₹14,203","4.77 out of 5 average rating,  98 reviews"
15,Apartment in New Delhi,"₹19,537","4.75 out of 5 average rating,  96 reviews"
16,Flat in Delhi,"₹14,123","4.79 out of 5 average rating,  118 reviews"
17,Apartment in New Delhi,"₹35,320","4.79 out of 5 average rating,  84 reviews"
18,Flat in New Delhi,"₹14,830","4.95 out of 5 average rating,  40 reviews"
19,Room in New Delhi,"₹16,203","5.0 out of 5 average rating,  15 reviews"
20,Room in New Delhi,"₹10,265","4.96 out of 5 average rating,  230 reviews"
21,Flat in New Delhi,"₹9,986","4.9 out of 5 average rating,  218 reviews"
22,Flat in New Delhi,"₹13,980","4.98 out of 5 average rating,  41 reviews"
23,Room in New Delhi,"₹16,897","4.77 out of 5 average rating,  98 reviews"
24,Flat in Gurugram,"₹10,836","5.0 out of 5 average rating,  3 reviews"
25,Flat in New Delhi,"₹10,842","5.0 out of 5 average rating,  6 reviews"
26,Room in New Delhi,"₹25,574","4.72 out of 5 average rating,  86 reviews"
27,Apartment in New Delhi,"₹15,064","4.78 out of 5 average rating,  110 reviews"
28,Flat in Noida,"₹36,770","4.85 out of 5 average rating,  194 reviews"
29,Flat in Noida,"₹10,836","4.89 out of 5 average rating,  179 reviews"
30,Room in New Delhi,"₹14,551","4.77 out of 5 average rating,  112 reviews"
31,Apartment in Delhi,"₹12,325","5.0 out of 5 average rating,  3 reviews"
32,Flat in New Delhi,"₹20,313","5.0 out of 5 average rating,  15 reviews"
33,Room in New Delhi,"₹10,818","4.95 out of 5 average rating,  65 reviews"
34,Apartment in New Delhi,"₹42,789","4.69 out of 5 average rating,  16 reviews"
35,Flat in New Delhi,"₹21,826","4.97 out of 5 average rating,  65 reviews"
36,Apartment in Gurugram,"₹9,404","5.0 out of 5 average rating,  15 reviews"
37,Flat in New Delhi,"₹27,845","4.89 out of 5 average rating,  57 reviews"
38,Apartment in Delhi,"₹10,819","5.0 out of 5 average rating,  3 reviews"
39,Loft in Delhi,"₹11,953","4.95 out of 5 average rating,  57 reviews"
40,Room in Delhi,"₹9,952","4.79 out of 5 average rating,  173 reviews"
41,Apartment in New Delhi,"₹11,027","4.88 out of 5 average rating,  8 reviews"
42,Flat in New Delhi,"₹20,199","4.84 out of 5 average rating,  194 reviews"
43,Room in New Delhi,"₹16,616","4.75 out of 5 average rating,  16 reviews"
44,Apartment in New Delhi,"₹6,848","4.93 out of 5 average rating,  197 reviews"
45,Flat in New Delhi,"₹25,152","4.82 out of 5 average rating,  612 reviews"
46,Hotel in New Delhi,"₹18,164","5.0 out of 5 average rating,  12 reviews"
47,Flat in New Delhi,"₹10,265","4.57 out of 5 average rating,  135 reviews"
48,Flat in Gurugram,"₹10,899","4.97 out of 5 average rating,  38 reviews"
49,Room in Delhi,"₹14,950","4.82 out of 5 average rating,  104 reviews"
50,Flat in New Delhi,"₹15,238","4.49 out of 5 average rating,  51 reviews"
51,Room in New Delhi,"₹19,743","4.92 out of 5 average rating,  79 reviews"
52,Apartment in New Delhi,"₹5,395","5.0 out of 5 average rating,  3 reviews"
53,Flat in New Delhi,"₹17,871","4.89 out of 5 average rating,  219 reviews"
54,Room in New Delhi,"₹17,112","5.0 out of 5 average rating,  15 reviews"
55,Room in New Delhi,"₹10,766","4.67 out of 5 average rating,  15 reviews"
56,Home in New Delhi,"₹59,912","4.9 out of 5 average rating,  219 reviews"
57,Apartment in New Delhi,"₹7,772","4.88 out of 5 average rating,  73 reviews"
58,Flat in New Delhi,"₹13,980",New place to stay
59,Flat in New Delhi,"₹28,837",New place to stay
60,Room in New Delhi,"₹10,818","5.0 out of 5 average rating,  25 reviews"
61,Room in New Delhi,"₹14,203","4.9 out of 5 average rating,  52 reviews"
62,Room in New Delhi,"₹33,250","5.0 out of 5 average rating,  15 reviews"
63,Flat in New Delhi,"₹22,539","4.7 out of 5 average rating,  84 reviews"
64,Flat in Gurugram,"₹7,960","4.99 out of 5 average rating,  155 reviews"
65,Flat in New Delhi,"₹12,778","4.67 out of 5 average rating,  43 reviews"
66,Flat in Greater Noida,"₹7,705","4.86 out of 5 average rating,  146 reviews"
67,Home in New Delhi,"₹9,700","4.9 out of 5 average rating,  229 reviews"
68,Flat in Noida,"₹7,875","4.86 out of 5 average rating,  44 reviews"
69,Room in New Delhi,"₹9,529",New place to stay
70,Flat in New Delhi,"₹31,953","4.76 out of 5 average rating,  25 reviews"
71,Room in Gurugram,"₹10,842","4.79 out of 5 average rating,  110 reviews"
72,Flat in New Delhi,"₹18,318","4.93 out of 5 average rating,  67 reviews"
73,Apartment in New Delhi,"₹22,676","4.88 out of 5 average rating,  113 reviews"
74,Farm stay in New Delhi,"₹4,953","4.94 out of 5 average rating,  17 reviews"
75,Flat in Delhi,"₹7,641","4.83 out of 5 average rating,  6 reviews"
76,Room in Delhi,"₹5,358","4.95 out of 5 average rating,  41 reviews"
77,Flat in Delhi,"₹6,245","4.65 out of 5 average rating,  46 reviews"
78,Apartment in New Delhi,"₹4,953","4.9 out of 5 average rating,  136 reviews"
79,Apartment in New Delhi,"₹6,245","5.0 out of 5 average rating,  13 reviews"
80,Room in New Delhi,"₹15,817","4.75 out of 5 average rating,  16 reviews"
81,Room in Delhi,"₹5,358","4.88 out of 5 average rating,  49 reviews"
82,Apartment in Noida,"₹14,265","4.78 out of 5 average rating,  82 reviews"
83,Flat in Gurugram,"₹59,912","4.99 out of 5 average rating,  155 reviews"
84,Room in New Delhi,"₹15,929","5.0 out of 5 average rating,  25 reviews"
85,Room in New Delhi,"₹31,380","5.0 out of 5 average rating,  15 reviews"
86,Flat in Noida,"₹17,175","4.85 out of 5 average rating,  194 reviews"
87,Flat in New Delhi,"₹11,692","5.0 out of 5 average rating,  4 reviews"
88,Home in New Delhi,"₹13,387","4.96 out of 5 average rating,  91 reviews"
89,Room in New Delhi,"₹10,556","5.0 out of 5 average rating,  9 reviews"
90,Flat in New Delhi,"₹14,836","5.0 out of 5 average rating,  7 reviews"
91,Room in New Delhi,"₹11,595",New place to stay
92,Apartment in Delhi,"₹9,073","5.0 out of 5 average rating,  8 reviews"
93,Home in New Delhi,"₹11,145","4.84 out of 5 average rating,  168 reviews"
94,Room in Delhi,"₹16,203","4.86 out of 5 average rating,  99 reviews"
95,Flat in New Delhi,"₹14,123","4.88 out of 5 average rating,  172 reviews"
96,Home in New Delhi,"₹5,706","4.99 out of 5 average rating,  233 reviews"
97,Flat in Noida,"₹6,210","4.92 out of 5 average rating,  154 reviews"
98,Room in New Delhi,"₹6,385","5.0 out of 5 average rating,  6 reviews"
99,Flat in Noida,"₹21,283","4.91 out of 5 average rating,  44 reviews"
100,Apartment in Noida,"₹11,063","4.96 out of 5 average rating,  25 reviews"
101,Flat in New Delhi,"₹18,164","4.82 out of 5 average rating,  11 reviews"
102,Bed and breakfast in New Delhi,"₹42,795","4.63 out of 5 average rating,  89 reviews"
103,Flat in New Delhi,"₹22,824","4.92 out of 5 average rating,  102 reviews"
104,Hotel in New Delhi,"₹10,271","4.69 out of 5 average rating,  26 reviews"
105,Home in New Delhi,"₹43,365","4.85 out of 5 average rating,  155 reviews"
106,Room in New Delhi,"₹8,666","4.75 out of 5 average rating,  16 reviews"
107,Apartment in Delhi,"₹11,549","4.86 out of 5 average rating,  208 reviews"
108,Flat in New Delhi,"₹14,705","4.82 out of 5 average rating,  11 reviews"
109,Apartment in Delhi,"₹13,044","4.86 out of 5 average rating,  208 reviews"
110,Room in New Delhi,"₹6,848","4.75 out of 5 average rating,  16 reviews"
111,Flat in New Delhi,"₹19,971","4.92 out of 5 average rating,  156 reviews"
112,Hotel in New Delhi,"₹34,236","4.69 out of 5 average rating,  26 reviews"
113,Home in New Delhi,"₹44,082","4.89 out of 5 average rating,  19 reviews"
114,Farm stay in New Delhi,"₹10,327","4.94 out of 5 average rating,  17 reviews"
115,Room in New Delhi,"₹6,664","4.92 out of 5 average rating,  61 reviews"
116,Farm stay in New Delhi,"₹23,851","4.87 out of 5 average rating,  292 reviews"
117,Flat in Delhi,"₹14,705","5.0 out of 5 average rating,  14 reviews"
118,Flat in Gurugram,"₹6,842","4.88 out of 5 average rating,  59 reviews"
119,Room in South Delhi,"₹82,230","4.84 out of 5 average rating,  115 reviews"
120,Flat in New Delhi,"₹28,837","5.0 out of 5 average rating,  12 reviews"
121,Room in New Delhi,"₹12,513","4.72 out of 5 average rating,  18 reviews"
122,Flat in Gurugram,"₹19,401","4.96 out of 5 average rating,  70 reviews"
123,Flat in New Delhi,"₹10,494","4.81 out of 5 average rating,  134 reviews"
124,Flat in Gurugram,"₹5,330","4.9 out of 5 average rating,  82 reviews"
125,Flat in New Delhi,"₹10,494","4.8 out of 5 average rating,  49 reviews"
126,Flat in New Delhi,"₹10,984","5.0 out of 5 average rating,  8 reviews"
127,Flat in Gurugram,"₹9,130","5.0 out of 5 average rating,  3 reviews"
128,Flat in New Delhi,"₹31,380","4.89 out of 5 average rating,  38 reviews"
129,Flat in New Delhi,"₹10,960","4.9 out of 5 average rating,  218 reviews"
130,Room in New Delhi,"₹5,330","4.9 out of 5 average rating,  174 reviews"
131,Room in Gurugram,"₹15,340","5.0 out of 5 average rating,  7 reviews"
132,Room in New Delhi,"₹12,553","4.71 out of 5 average rating,  34 reviews"
133,Flat in Noida,"₹25,278","4.79 out of 5 average rating,  34 reviews"
134,Room in New Delhi,"₹6,779","4.86 out of 5 average rating,  103 reviews"
135,Flat in New Delhi,"₹7,418",New place to stay
136,Flat in New Delhi,"₹7,536","4.99 out of 5 average rating,  70 reviews"
137,Flat in New Delhi,"₹9,114","5.0 out of 5 average rating,  7 reviews"
138,Room in Delhi,"₹17,803","4.9 out of 5 average rating,  10 reviews"
139,Apartment in Delhi,"₹12,778","5.0 out of 5 average rating,  5 reviews"
140,Room in New Delhi,"₹17,803","4.94 out of 5 average rating,  52 reviews"
141,Flat in Delhi,"₹19,971","4.91 out of 5 average rating,  11 reviews"
142,Flat in New Delhi,"₹70,077","4.77 out of 5 average rating,  13 reviews"
143,Flat in Kadarpur,"₹8,902","5.0 out of 5 average rating,  8 reviews"
144,Apartment in New Delhi,"₹17,712","5.0 out of 5 average rating,  4 reviews"
145,Flat in Delhi,"₹11,170","4.89 out of 5 average rating,  9 reviews"
146,Flat in Delhi,"₹18,602","4.93 out of 5 average rating,  27 reviews"
147,Flat in New Delhi,"₹4,901","5.0 out of 5 average rating,  20 reviews"
148,Flat in New Delhi,"₹20,769","4.75 out of 5 average rating,  118 reviews"
149,Hotel in New Delhi,"₹25,335",New place to stay
150,Apartment in Noida,"₹22,824","4.66 out of 5 average rating,  137 reviews"
151,Flat in New Delhi,"₹13,307","4.73 out of 5 average rating,  51 reviews"
152,Flat in New Delhi,"₹34,577","4.77 out of 5 average rating,  13 reviews"
153,Flat in New Delhi,"₹10,327","4.78 out of 5 average rating,  9 reviews"
154,Room in New Delhi,"₹44,506","4.55 out of 5 average rating,  53 reviews"
155,Apartment in New Delhi,"₹19,743","4.86 out of 5 average rating,  100 reviews"
156,Apartment in New Delhi,"₹6,848","5.0 out of 5 average rating,  13 reviews"
157,Flat in Delhi,"₹57,059","4.79 out of 5 average rating,  118 reviews"
158,Apartment in Delhi,"₹86,772","4.93 out of 5 average rating,  149 reviews"
159,Flat in New Delhi,"₹14,950","4.5 out of 5 average rating,  4 reviews"
160,Room in New Delhi,"₹25,335",New place to stay
161,Place to stay in New Delhi,"₹14,687","4.61 out of 5 average rating,  28 reviews"
162,Flat in New Delhi,"₹21,826","4.5 out of 5 average rating,  4 reviews"
163,Room in New Delhi,"₹12,999","4.86 out of 5 average rating,  308 reviews"
164,Room in New Delhi,"₹9,215","4.91 out of 5 average rating,  35 reviews"
165,Place to stay in New Delhi,"₹80,957","4.89 out of 5 average rating,  108 reviews"
166,Place to stay in New Delhi,"₹20,487","4.8 out of 5 average rating,  88 reviews"
167,Room in New Delhi,"₹14,836",New place to stay
168,Flat in Noida,"₹18,164",New place to stay
169,Apartment in New Delhi,"₹22,648","5.0 out of 5 average rating,  6 reviews"
170,Room in New Delhi,"₹12,778","4.48 out of 5 average rating,  214 reviews"
171,Flat in Delhi,"₹20,487",New place to stay
172,Flat in Gurugram,"₹14,836","4.87 out of 5 average rating,  82 reviews"
173,Flat in New Delhi,"₹6,385","4.93 out of 5 average rating,  76 reviews"
174,Room in New Delhi,"₹19,800","4.41 out of 5 average rating,  49 reviews"
175,Flat in Delhi,"₹48,501","4.67 out of 5 average rating,  3 reviews"
176,Apartment in Delhi,"₹11,549","4.97 out of 5 average rating,  163 reviews"
177,Farm stay in New Delhi,"₹17,803","4.8 out of 5 average rating,  10 reviews"
178,Flat in New Delhi,"₹6,664","4.61 out of 5 average rating,  28 reviews"
179,Flat in Gurugram,"₹9,140","4.92 out of 5 average rating,  73 reviews"
180,Flat in New Delhi,"₹16,776","5.0 out of 5 average rating,  7 reviews"
181,Flat in Gurugram,"₹21,819","4.92 out of 5 average rating,  73 reviews"
182,Flat in Delhi,"₹34,577","4.89 out of 5 average rating,  9 reviews"
183,Apartment in New Delhi,"₹16,491","4.92 out of 5 average rating,  160 reviews"
184,Flat in New Delhi,"₹9,638","4.75 out of 5 average rating,  4 reviews"
185,Flat in New Delhi,"₹16,308",New place to stay
186,Flat in New Delhi,"₹53,659","5.0 out of 5 average rating,  8 reviews"
187,Flat in Gurugram,"₹10,241","4.92 out of 5 average rating,  78 reviews"
188,Flat in New Delhi,"₹18,318","5.0 out of 5 average rating,  4 reviews"
189,Apartment in Noida,"₹10,499","4.75 out of 5 average rating,  4 reviews"
190,Room in New Delhi,"₹15,406","4.9 out of 5 average rating,  39 reviews"
191,Flat in New Delhi,"₹11,170","4.89 out of 5 average rating,  19 reviews"
192,Apartment in New Delhi,"₹20,769","4.92 out of 5 average rating,  127 reviews"
193,Flat in New Delhi,"₹31,953","4.77 out of 5 average rating,  112 reviews"
194,Room in New Delhi,"₹18,283","4.95 out of 5 average rating,  19 reviews"
195,Room in New Delhi,"₹12,553","4.88 out of 5 average rating,  43 reviews"
196,Flat in Gurugram,"₹22,824","4.75 out of 5 average rating,  118 reviews"
197,Flat in New Delhi,"₹5,792","4.95 out of 5 average rating,  20 reviews"
198,Apartment in Delhi,"₹15,064","5.0 out of 5 average rating,  15 reviews"
199,Room in New Delhi,"₹31,935","4.9 out of 5 average rating,  229 reviews"
200,Home in New Delhi,"₹34,219","4.67 out of 5 average rating,  6 reviews"
201,Room in New Delhi,"₹25,335","4.93 out of 5 average rating,  82 reviews"
202,Place to stay in New Delhi,"₹14,950","4.86 out of 5 average rating,  51 reviews"
203,Flat in New Delhi,"₹86,772",New place to stay
204,Flat in New Delhi,"₹18,318","5.0 out of 5 average rating,  4 reviews"
205,Farm stay in New Delhi,"₹6,848","4.73 out of 5 average rating,  15 reviews"
206,Flat in New Delhi,"₹21,455","5.0 out of 5 average rating,  11 reviews"
